My Wish List,Saved Items
Search entire store here...,Search
Add to Cart,Add to bag
Be the first to review this product,Write the first review
Details,Product description
Recently Viewed,You recently viewed
Add to Wish List,
Qty,
As low as,
We found other products you might like!,You may also like
Related Products,Customers who bought this item also bought
Stored Payment Methods,My payment cards
Address Book,My address book
My Account,My details
My Orders,My orders
Saved Items,My saved items
"You aren't subscribed to our newsletter.","No, please don't send me marketing communications"
"Newsletters","Communication preferences"
"Contact Information","Email address"
"Change Password","Manage password and details"
"Save Address","Add address"
"Name Prefix","Title"
"First Name","First name"
"Last Name","Last name"
"Phone Number","Phone number"
"Zip/Postal Code","Postcode"
"Street Address","Street address"
"You have no items in your wish list.","You haven't saved anything yet!"
"Shopping Cart",
"Remove item","Remove"
"Regular Price","Was"
"Summary","Review summary"
"Review","Your review"
"Nickname","Choose a nickname"
"You're reviewing:","You are reviewing..."
"Submit Review","Submit your review"